2620,002562,(Sin asunto)
2621,002563,(Sin asunto)
2622,002564,(Sin asunto)
2623,002565,(Sin asunto)
2624,002566,(Sin asunto)
2625,002567,(Sin asunto)
2626,002568,(Sin asunto)
2627,002569,(Sin asunto)
2628,002570,(Sin asunto)
2629,002571,(Sin asunto)
2630,002572,(Sin asunto)
2631,002573,(Sin asunto)
2632,002574,(Sin asunto)
2633,002575,(Sin asunto)
2634,002576,(Sin asunto)
2635,002577,(Sin asunto)
2636,002578,(Sin asunto)
2637,002579,(Sin asunto)
2638,002580,(Sin asunto)
2639,002581,(Sin asunto)
2640,002582,(Sin asunto)
2641,002583,(Sin asunto)
2642,002584,(Sin asunto)
2643,002585,(Sin asunto)
2644,002586,(Sin asunto)
2645,002587,(Sin asunto)
2646,002588,(Sin asunto)
2647,002589,(Sin asunto)
2648,002590,(Sin asunto)
2649,002591,(Sin asunto)
2650,002592,(Sin asunto)
2651,002593,(Sin asunto)
2652,002594,(Sin asunto)
2653,002595,(Sin asunto)
2654,002596,(Sin asunto)
2655,002597,(Sin asunto)
2656,002598,(Sin asunto)
2657,002599,(Sin asunto)
2658,002600,(Sin asunto)
2659,002601,(Sin asunto)
2660,002602,(Sin asunto)
2661,002603,(Sin asunto)
2662,002604,(Sin asunto)
2663,002605,(Sin asunto)
2664,002606,(Sin asunto)
2665,002607,(Sin asunto)
2666,002608,(Sin asunto)
2667,002609,(Sin asunto)
2668,002610,(Sin asunto)
2669,002611,(Sin asunto)
2670,002612,(Sin asunto)
2671,002613,(Sin asunto)
2672,002614,(Sin asunto)
2673,002615,(Sin asunto)
2674,002616,(Sin asunto)
2675,002617,(Sin asunto)
2676,002618,(Sin asunto)
2677,002619,(Sin asunto)
2678,002620,(Sin asunto)
2679,002621,(Sin asunto)
2680,002622,(Sin asunto)
2681,002623,(Sin asunto)
2682,002624,(Sin asunto)
2683,002625,(Sin asunto)
2684,002626,(Sin asunto)
2685,002627,(Sin asunto)
2686,002628,(Sin asunto)
2687,002629,(Sin asunto)
2688,002630,(Sin asunto)
2689,002631,(Sin asunto)
2690,002632,(Sin asunto)
2691,002633,(Sin asunto)
2692,002634,(Sin asunto)
2693,002635,(Sin asunto)
2694,002636,(Sin asunto)
2695,002637,(Sin asunto)
2696,002638,(Sin asunto)
2697,002639,(Sin asunto)
2698,002640,(Sin asunto)
2699,002641,(Sin asunto)
2700,002642,(Sin asunto)
